concept,aoa,n_sources
acorn,5.95,3
album,6.72,1
almond,7.67,1
aloe,8.95,3
amber,9.28,1
amplifier,11.35,1
anklet,9.06,1
anteater,8.5,1
antelope,8.39,1
antenna,7.05,3
anvil,10.79,1
apron,6.75,1
aquarium,6.84,1
arm,3.26,1
artichoke,10.0,3
asparagus,6.79,1
avocado,9.29,1
backdrop,9.78,1
backgammon,10.0,1
backscratcher,6.63,1
bagpipe,9.33,1
bamboo,9.28,3
bandanna,8.59,1
banner,9.17,1
barrel,7.72,3
baseball,4.83,1
basil,10.133,1
basket,5.67,1
bassinet,9.18,1
bathtub,3.22,1
batter,7.05,1
battery,5.58,1
beaker,11.25,1
beaver,5.21,1
bed,2.89,1
bedpost,6.62,1
bee,5.0,1
binoculars,6.79,1
blender,6.84,3
blind,7.0,1
blower,8.32,3
boa,9.56,1
boat,3.84,1
bobsled,9.38,3
bone,5.53,1
bonsai,11.22,1
book,3.68,1
bookmark,8.26,1
bookshelf,7.68,1
boulder,7.916,1
bouquet,8.72,3
box,4.3,1
bracket,8.56,1
braid,7.22,1
brake,5.95,1
branch,5.11,1
broccoli,5.2,1
bubble,3.79,1
bucket,5.61,1
buffet,7.58,3
buggy,6.95,1
bulldozer,5.61,3
bumper,7.32,1
burner,8.0,1
butter,5.78,1
cabinet,6.06,1
cable,9.2,1
cactus,6.72,1
cage,5.06,1
cake,3.26,3
candle,5.37,1
candlestick,5.61,3
candy,4.0,1
cantaloupe,7.22,1
caramel,6.58,3
card,6.2,1
cardigan,10.11,1
carousel,6.68,3
carriage,5.84,1
carrot,2.74,3
cassette,6.37,3
catfish,6.61,1
cauliflower,6.18,1
cello,9.89,1
centerpiece,8.89,1
cereal,4.44,1
chalk,4.47,1
charcoal,8.0,1
charger,10.63,1
cheese,4.33,3
chin,4.22,1
chinchilla,12.67,1
chipmunk,4.7,1
chive,11.071,1
cilantro,12.27,1
cinnamon,5.37,1
clam,7.37,1
clarinet,9.22,1
clay,5.32,1
clipboard,7.76,1
cloak,6.95,3
clothesline,6.67,1
clothespin,7.83,3
clove,10.88,1
coaster,7.89,3
coat,3.58,1
coconut,6.5,1
coleslaw,6.72,1
collar,6.56,1
compost,9.72,1
cooler,6.11,1
coral,9.06,1
cork,9.05,3
corn,4.61,1
cornbread,6.4,3
corset,10.67,3
counter,7.11,1
cow,3.94,1
coyote,6.68,1
crane,6.776,1
crate,7.06,1
crib,6.05,1
crown,7.8,1
crumb,5.89,1
cymbal,9.94,3
dashboard,9.21,1
dessert,5.61,1
dice,6.37,1
dip,7.0,1
dish,4.89,1
dishwasher,7.16,1
domino,6.17,1
donkey,6.0,1
doorbell,5.05,1
dough,6.63,1
dragonfly,6.8,1
drill,7.14,1
drumstick,7.79,1
dryer,6.16,1
dumbwaiter,11.47,1
dumpling,8.5,3
dustpan,6.47,1
eagle,5.83,1
egg,3.89,1
eggnog,7.45,1
eggplant,8.3,1
elbow,4.78,3
fan,5.63,3
ferry,8.0,1
figurine,9.0,1
filter,8.05,1
fingerprint,7.56,1
firewood,6.61,1
flan,12.65,3
flashlight,5.61,1
float,5.39,1
flower,3.11,1
flute,8.47,1
foam,6.15,3
fondue,10.78,1
footbath,8.53,3
forklift,9.11,1
fox,5.017,3
freezer,4.63,3
frog,4.32,1
fruitcake,8.28,3
fudge,5.78,1
funnel,8.44,1
fuse,10.78,1
gargoyle,10.18,1
garlic,6.89,1
gazelle,9.37,1
gel,7.21,1
generator,11.11,1
gift,5.05,1
glasses,4.346,1
glove,4.3,1
goat,5.21,1
gondola,10.21,3
goose,5.15,1
gorilla,5.74,1
gourd,10.65,1
graffiti,9.47,1
grain,7.44,1
grate,8.9,3
groundhog,6.0,1
gutter,7.79,3
hammock,7.11,1
hamster,4.37,3
handle,6.3,1
harmonica,7.32,1
harness,7.83,1
headdress,9.06,3
headrest,7.68,1
hedgehog,8.63,3
hippopotamus,7.0,1
hoe,8.72,3
hood,5.5,1
hopscotch,5.8,3
horn,4.84,3
horse,4.15,1
hubcap,8.39,1
hummingbird,6.95,1
hydrant,6.89,1
ice,3.86,1
iguana,7.61,1
incense,10.45,1
jellyfish,6.61,1
jersey,8.961,1
jug,5.83,1
jukebox,7.42,1
kaleidoscope,7.41,1
kayak,8.8,1
key,3.58,1
kimono,11.37,3
knitting,7.245,1
koala,6.0,3
ladybug,4.84,1
lamp,4.0,1
lantern,8.55,1
latch,8.0,3
lava,6.44,1
leek,11.0,1
leggings,10.0,1
leopard,6.84,1
lobster,7.44,1
lock,5.74,1
locker,8.22,3
log,6.74,1
lollipop,3.89,3
luggage,7.63,1
lumber,7.33,1
mailbox,6.11,1
mallet,10.94,1
mandolin,12.39,3
mango,8.22,1
mantle,9.17,1
map,5.6,3
marker,4.89,1
marshmallow,3.8,3
mascara,9.21,1
mast,10.59,1
meatball,6.0,1
medal,6.83,1
melon,4.21,1
microwave,7.67,1
mixer,7.05,1
moccasin,11.22,1
monkey,4.21,1
mud,4.05,1
mulch,9.22,3
nest,5.11,1
net,7.0,3
nose,2.95,1
oatmeal,4.5,3
octopus,6.26,1
oil,7.33,3
oilcan,7.59,1
olive,6.68,1
omelet,6.5,3
orange,3.26,1
orangutan,7.83,1
orchid,9.76,1
organ,8.72,1
otter,5.47,3
owl,6.21,1
paddle,6.58,1
painting,5.26,1
pajamas,3.483,3
palette,10.5,1
pancake,4.26,1
panda,5.67,1
pants,3.227,1
papaya,10.84,1
parsley,8.95,3
peg,6.829,1
pencil,4.06,1
perfume,7.06,1
pesto,13.8,1
pheasant,9.68,1
phone,4.11,1
pie,3.67,3
pigeon,6.21,1
pinball,6.95,1
pincushion,8.56,1
pineapple,6.25,1
pinecone,4.61,1
pinwheel,7.63,1
pistachio,8.74,3
pitcher,6.42,3
pizza,4.67,1
plug,6.05,1
porthole,10.12,1
poster,8.12,1
pot,5.95,1
potato,4.84,3
potpourri,10.15,1
printer,7.61,1
prism,9.781,3
prune,7.85,3
puddle,5.37,3
pump,6.06,3
pumpkin,4.78,1
quilt,6.55,1
rabbit,3.94,1
radar,9.53,1
railing,6.56,1
raisin,5.05,1
reel,9.12,1
refrigerator,4.11,1
reindeer,3.58,1
rhinoceros,6.0,1
rhubarb,10.53,1
rice,3.72,3
rim,8.05,1
rocket,5.63,1
rooster,6.41,1
rope,5.44,1
rose,6.11,1
ruby,6.829,1
saddle,6.42,3
salami,7.18,1
sandbag,7.83,3
sandpaper,6.33,1
satellite,11.68,1
sauce,5.37,1
sauerkraut,9.26,3
scaffolding,11.22,3
scarf,5.68,1
scoop,5.14,3
screwdriver,6.0,1
seagull,5.42,3
seismograph,10.65,1
shelf,5.5,1
ship,5.33,3
shorts,3.95,1
shower,4.72,3
showerhead,8.05,1
sidecar,9.78,1
silverware,5.89,3
sink,4.47,3
skateboard,6.94,1
ski,6.68,3
skirt,5.67,1
sloth,8.37,3
snail,5.79,3
snowball,4.74,1
soap,3.17,1
sorbet,12.0,3
soup,5.37,1
sparkler,6.26,1
spatula,7.32,3
sprinkler,5.53,3
squash,6.94,3
squirrel,4.44,3
stair,3.84,1
statue,7.55,1
stem,7.26,1
stew,6.95,3
strawberry,4.21,1
stretcher,9.39,3
stroller,7.84,1
stump,7.58,3
submarine,7.94,1
subway,7.68,1
suit,6.67,1
suitcase,8.22,1
sunflower,6.0,3
sunglasses,5.56,1
sunroof,11.15,1
sushi,11.19,1
swan,6.318,1
sweater,5.22,1
swordfish,9.33,3
tab,9.33,1
tablecloth,6.26,1
taco,7.72,1
tadpole,6.37,1
taillight,9.33,3
tamale,10.56,1
tape,4.42,1
tapestry,10.95,3
target,7.58,1
tea,5.47,1
teabag,6.67,3
teacup,5.39,1
teapot,6.22,3
tee,8.21,1
telescope,6.95,3
thermos,8.29,3
thermostat,8.89,1
tiara,6.77,1
toe,3.0,1
toilet,3.54,1
toothpick,6.83,1
tractor,5.5,1
trampoline,6.79,1
treasure,6.06,3
tripod,9.26,1
trolley,8.47,1
trophy,5.55,1
trough,8.41,1
trumpet,6.28,3
trunk,8.3,1
tuba,7.0,1
tulip,7.149,3
tumbleweed,7.95,1
turbine,11.06,3
turkey,3.95,3
turnstile,13.67,1
turntable,10.39,1
turtle,4.17,3
tuxedo,8.26,3
typewriter,6.74,3
umbrella,5.68,1
valve,10.78,1
vase,7.89,1
vegetable,4.17,1
veil,9.69,1
vest,5.83,1
violin,7.45,1
visor,7.83,1
volleyball,7.05,1
warthog,7.82,1
watermelon,4.22,3
waterwheel,9.89,3
windshield,7.85,1
wolf,4.5,1
worm,3.89,1
wreath,7.06,1
yacht,10.06,1
zucchini,6.79,1
