trial_id,odd_concept,aoa_target,aoa_max,aoa_mean,n_con
training_00,clipboard,7.76,7.76,6.046666666666667,3
training_01,amplifier,11.35,11.35,6.903333333333333,3
training_02,forklift,9.11,9.11,6.349999999999999,3
training_03,brake,5.95,10.78,6.843333333333334,3
warmup_00,poster,8.12,9.26,8.35,3
warmup_01,cardigan,10.11,10.11,7.043333333333333,3
warmup_02,sweater,5.22,6.61,5.873333333333334,3
warmup_03,subway,7.68,10.56,9.413333333333334,3
catch_00,cymbal,9.94,9.94,5.873333333333332,3
catch_01,swordfish,9.33,9.33,6.703333333333333,3
catch_02,leggings,10.0,10.0,8.04,3
core_00,baseball,4.83,9.06,7.239999999999999,3
core_01,cactus,6.72,9.29,7.599999999999999,3
core_02,garlic,6.89,6.89,5.963333333333334,3
core_03,hammock,7.11,12.0,8.296666666666667,3
core_04,saddle,6.42,8.63,6.753333333333333,3
core_05,clam,7.37,8.95,7.6066666666666665,3
core_06,pot,5.95,9.37,7.586666666666667,3
core_07,orchid,9.76,9.76,6.762666666666665,3
core_08,marker,4.89,7.32,6.163333333333334,3
core_09,egg,3.89,8.37,5.8933333333333335,3
core_10,dish,4.89,7.18,5.706666666666666,3
core_11,bouquet,8.72,13.8,11.12,3
core_12,gargoyle,10.18,10.18,7.043333333333333,3
core_13,volleyball,7.05,7.05,5.346666666666667,3
core_14,sunroof,11.15,11.15,8.827,3
core_15,bagpipe,9.33,9.33,6.333333333333333,3
core_16,dragonfly,6.8,10.133,7.257666666666666,3
core_17,bed,2.89,6.58,4.656666666666667,3
core_18,shelf,5.5,7.67,6.776666666666666,3
core_19,cassette,6.37,10.53,8.113333333333333,3
blk00_00,eggnog,7.45,12.65,7.923333333333335,3
blk00_01,jukebox,7.42,7.85,7.036666666666666,3
blk00_02,violin,7.45,10.95,8.886666666666665,3
blk00_03,antelope,8.39,8.39,7.776666666666666,3
blk00_04,tulip,7.149,7.149,5.976333333333334,3
blk00_05,anklet,9.06,9.56,7.3676666666666675,3
blk00_06,ladybug,4.84,7.85,5.636666666666667,3
blk00_07,trampoline,6.79,8.8,7.843333333333334,3
blk00_08,toothpick,6.83,6.83,5.073333333333333,3
blk00_09,coyote,6.68,9.38,7.186666666666667,3
blk00_10,teabag,6.67,10.65,8.540000000000001,3
blk00_11,teapot,6.22,6.22,5.863333333333333,3
blk00_12,gondola,10.21,10.21,7.826666666666667,3
blk00_13,aloe,8.95,9.68,8.209999999999999,3
blk00_14,bone,5.53,5.83,5.503333333333333,3
blk00_15,locker,8.22,8.22,7.6000000000000005,3
blk00_16,barrel,7.72,11.0,9.866666666666667,3
blk00_17,turntable,10.39,10.39,7.183333333333334,3
blk00_18,vase,7.89,7.89,6.576666666666667,3
blk00_19,trough,8.41,8.41,6.803333333333334,3
blk01_00,eggnog,7.45,12.65,7.923333333333335,3
blk01_01,jukebox,7.42,7.85,7.036666666666666,3
blk01_02,footbath,8.53,10.95,9.246666666666664,3
blk01_03,rhinoceros,6.0,8.22,6.9799999999999995,3
blk01_04,acorn,5.95,8.39,6.236666666666667,3
blk01_05,anklet,9.06,9.56,7.3676666666666675,3
blk01_06,ladybug,4.84,7.85,5.636666666666667,3
blk01_07,target,7.58,8.8,8.106666666666667,3
blk01_08,tulip,7.149,9.68,6.923000000000001,3
blk01_09,bamboo,9.28,9.28,5.89,3
blk01_10,teabag,6.67,10.65,8.540000000000001,3
blk01_11,mixer,7.05,7.05,6.140000000000001,3
blk01_12,gondola,10.21,10.21,7.826666666666667,3
blk01_13,crib,6.05,9.38,6.976666666666667,3
blk01_14,aquarium,6.84,6.84,5.94,3
blk01_15,locker,8.22,8.22,7.6000000000000005,3
blk01_16,barrel,7.72,11.0,9.866666666666667,3
blk01_17,ship,5.33,6.37,5.723333333333334,3
blk01_18,hoe,8.72,8.72,6.326666666666667,3
blk01_19,pinecone,4.61,7.82,6.28,3
blk02_00,eggnog,7.45,12.65,7.923333333333335,3
blk02_01,suitcase,8.22,8.22,7.303333333333334,3
blk02_02,gondola,10.21,10.95,9.806666666666667,3
blk02_03,barrel,7.72,8.22,7.553333333333334,3
blk02_04,tumbleweed,7.95,8.39,6.903333333333333,3
blk02_05,anklet,9.06,9.56,7.3676666666666675,3
blk02_06,bamboo,9.28,9.28,7.116666666666666,3
blk02_07,aquarium,6.84,8.8,7.86,3
blk02_08,tulip,7.149,9.68,6.923000000000001,3
blk02_09,aloe,8.95,8.95,5.78,3
blk02_10,teabag,6.67,10.65,8.540000000000001,3
blk02_11,mixer,7.05,7.05,6.140000000000001,3
blk02_12,statue,7.55,9.69,6.94,3
blk02_13,crib,6.05,9.38,6.976666666666667,3
blk02_14,bone,5.53,5.83,5.503333333333333,3
blk02_15,locker,8.22,8.22,7.6000000000000005,3
blk02_16,ferry,8.0,9.06,7.300000000000001,3
blk02_17,jug,5.83,11.0,9.236666666666666,3
blk02_18,hoe,8.72,8.72,6.326666666666667,3
blk02_19,pinecone,4.61,6.0,5.536666666666666,3
blk03_00,eggnog,7.45,12.65,7.923333333333335,3
blk03_01,basket,5.67,7.85,6.453333333333333,3
blk03_02,jukebox,7.42,10.95,8.876666666666665,3
blk03_03,koala,6.0,8.22,6.9799999999999995,3
blk03_04,hoe,8.72,8.72,7.16,3
blk03_05,anklet,9.06,9.56,7.3676666666666675,3
blk03_06,aloe,8.95,8.95,7.006666666666665,3
blk03_07,horn,4.84,8.8,7.193333333333334,3
blk03_08,tulip,7.149,9.68,6.923000000000001,3
blk03_09,bamboo,9.28,9.28,5.89,3
blk03_10,tea,5.47,10.65,8.14,3
blk03_11,blender,6.84,6.84,6.07,3
blk03_12,statue,7.55,9.69,6.94,3
blk03_13,crib,6.05,9.38,6.976666666666667,3
blk03_14,gondola,10.21,10.21,7.063333333333333,3
blk03_15,locker,8.22,8.22,7.6000000000000005,3
blk03_16,album,6.72,9.06,6.873333333333334,3
blk03_17,jug,5.83,6.84,5.663333333333334,3
blk03_18,skateboard,6.94,11.0,9.606666666666667,3
blk03_19,trough,8.41,8.41,7.546666666666667,3
blk04_00,eggnog,7.45,12.65,7.923333333333335,3
blk04_01,suitcase,8.22,8.22,7.303333333333334,3
blk04_02,arm,3.26,10.95,7.489999999999999,3
blk04_03,orangutan,7.83,8.22,7.590000000000001,3
blk04_04,pinecone,4.61,8.39,5.79,3
blk04_05,anklet,9.06,9.56,7.3676666666666675,3
blk04_06,bamboo,9.28,9.28,7.116666666666666,3
blk04_07,catfish,6.61,8.8,7.783333333333334,3
blk04_08,tulip,7.149,9.68,6.923000000000001,3
blk04_09,aloe,8.95,8.95,5.78,3
blk04_10,coral,9.06,10.65,9.336666666666666,3
blk04_11,blender,6.84,6.84,6.07,3
blk04_12,statue,7.55,9.69,6.94,3
blk04_13,kimono,11.37,11.37,8.75,3
blk04_14,bone,5.53,5.83,5.503333333333333,3
blk04_15,locker,8.22,8.22,7.6000000000000005,3
blk04_16,trough,8.41,11.0,10.096666666666666,3
blk04_17,dustpan,6.47,6.84,5.876666666666666,3
blk04_18,hoe,8.72,8.72,6.326666666666667,3
blk04_19,cage,5.06,6.0,5.6866666666666665,3
blk05_00,eggnog,7.45,12.65,7.923333333333335,3
blk05_01,jukebox,7.42,7.85,7.036666666666666,3
blk05_02,mandolin,12.39,12.39,10.533333333333333,3
blk05_03,antelope,8.39,8.39,7.776666666666666,3
blk05_04,tulip,7.149,7.149,5.976333333333334,3
blk05_05,anklet,9.06,9.56,7.3676666666666675,3
blk05_06,ladybug,4.84,7.85,5.636666666666667,3
blk05_07,coral,9.06,9.06,8.6,3
blk05_08,refrigerator,4.11,4.67,4.166666666666667,3
blk05_09,soup,5.37,9.38,6.75,3
blk05_10,teabag,6.67,10.65,8.540000000000001,3
blk05_11,kimono,11.37,11.37,8.65,3
blk05_12,statue,7.55,9.69,6.94,3
blk05_13,hoe,8.72,8.72,6.326666666666667,3
blk05_14,aquarium,6.84,6.84,5.94,3
blk05_15,wreath,7.06,11.0,9.646666666666667,3
blk05_16,trough,8.41,8.41,6.75,3
blk05_17,lamp,4.0,10.94,8.576666666666666,3
blk05_18,bone,5.53,9.68,7.07,3
blk05_19,tumbleweed,7.95,7.95,6.6499999999999995,3
blk06_00,eggnog,7.45,12.65,7.923333333333335,3
blk06_01,jukebox,7.42,7.85,7.036666666666666,3
blk06_02,basket,5.67,10.95,8.293333333333331,3
blk06_03,gorilla,5.74,8.22,6.8933333333333335,3
blk06_04,pinecone,4.61,8.39,5.79,3
blk06_05,anklet,9.06,9.56,7.3676666666666675,3
blk06_06,aloe,8.95,8.95,7.006666666666665,3
blk06_07,stretcher,9.39,9.39,8.71,3
blk06_08,tulip,7.149,9.68,6.923000000000001,3
blk06_09,bamboo,9.28,9.28,5.89,3
blk06_10,tea,5.47,10.65,8.14,3
blk06_11,blender,6.84,6.84,6.07,3
blk06_12,statue,7.55,9.69,6.94,3
blk06_13,crib,6.05,9.38,6.976666666666667,3
blk06_14,aquarium,6.84,6.84,5.94,3
blk06_15,locker,8.22,8.22,7.6000000000000005,3
blk06_16,yacht,10.06,10.06,7.986666666666667,3
blk06_17,coaster,7.89,11.0,9.923333333333334,3
blk06_18,hoe,8.72,8.72,6.326666666666667,3
blk06_19,tumbleweed,7.95,7.95,6.6499999999999995,3
blk07_00,eggnog,7.45,12.65,7.923333333333335,3
blk07_01,jukebox,7.42,7.85,7.036666666666666,3
blk07_02,basket,5.67,10.95,8.293333333333331,3
blk07_03,koala,6.0,8.22,6.9799999999999995,3
blk07_04,pinecone,4.61,8.39,5.79,3
blk07_05,anklet,9.06,9.56,7.3676666666666675,3
blk07_06,ladybug,4.84,7.85,5.636666666666667,3
blk07_07,horn,4.84,8.8,7.193333333333334,3
blk07_08,tulip,7.149,9.68,6.923000000000001,3
blk07_09,bamboo,9.28,9.28,5.89,3
blk07_10,hoe,8.72,10.65,9.223333333333334,3
blk07_11,teapot,6.22,6.22,5.863333333333333,3
blk07_12,gondola,10.21,10.21,7.826666666666667,3
blk07_13,crib,6.05,9.38,6.976666666666667,3
blk07_14,aquarium,6.84,6.84,5.94,3
blk07_15,locker,8.22,8.22,7.6000000000000005,3
blk07_16,trough,8.41,11.0,10.096666666666666,3
blk07_17,ship,5.33,6.37,5.723333333333334,3
blk07_18,wolf,4.5,7.95,6.503333333333333,3
blk07_19,sushi,11.19,11.19,8.473333333333334,3
blk08_00,eggnog,7.45,12.65,7.923333333333335,3
blk08_01,suitcase,8.22,8.22,7.303333333333334,3
blk08_02,flute,8.47,10.95,9.226666666666667,3
blk08_03,iguana,7.61,8.22,7.516666666666667,3
blk08_04,acorn,5.95,8.39,6.236666666666667,3
blk08_05,anklet,9.06,9.56,7.3676666666666675,3
blk08_06,ladybug,4.84,7.85,5.636666666666667,3
blk08_07,stretcher,9.39,9.39,8.71,3
blk08_08,tulip,7.149,9.68,6.923000000000001,3
blk08_09,bamboo,9.28,9.28,5.89,3
blk08_10,teabag,6.67,10.65,8.540000000000001,3
blk08_11,mixer,7.05,7.05,6.140000000000001,3
blk08_12,gondola,10.21,10.21,7.826666666666667,3
blk08_13,kimono,11.37,11.37,8.75,3
blk08_14,bone,5.53,5.83,5.503333333333333,3
blk08_15,locker,8.22,8.22,7.6000000000000005,3
blk08_16,barrel,7.72,11.0,9.866666666666667,3
blk08_17,jug,5.83,6.84,5.663333333333334,3
blk08_18,hoe,8.72,8.72,6.326666666666667,3
blk08_19,pinecone,4.61,6.0,5.536666666666666,3
blk09_00,eggnog,7.45,12.65,7.923333333333335,3
blk09_01,suitcase,8.22,8.22,7.303333333333334,3
blk09_02,gondola,10.21,10.95,9.806666666666667,3
blk09_03,frog,4.32,8.22,6.419999999999999,3
blk09_04,acorn,5.95,8.39,6.236666666666667,3
blk09_05,anklet,9.06,9.56,7.3676666666666675,3
blk09_06,aloe,8.95,8.95,7.006666666666665,3
blk09_07,horn,4.84,8.8,7.193333333333334,3
blk09_08,tulip,7.149,9.68,6.923000000000001,3
blk09_09,pinecone,4.61,4.67,4.333333333333334,3
blk09_10,coral,9.06,10.65,9.336666666666666,3
blk09_11,blender,6.84,6.84,6.07,3
blk09_12,statue,7.55,9.69,6.94,3
blk09_13,kimono,11.37,11.37,8.75,3
blk09_14,bone,5.53,5.83,5.503333333333333,3
blk09_15,locker,8.22,8.22,7.6000000000000005,3
blk09_16,trough,8.41,11.0,10.096666666666666,3
blk09_17,ship,5.33,6.37,5.723333333333334,3
blk09_18,hoe,8.72,8.72,6.326666666666667,3
blk09_19,aquarium,6.84,6.84,6.28,3
blk10_00,eggnog,7.45,12.65,7.923333333333335,3
blk10_01,basket,5.67,7.85,6.453333333333333,3
blk10_02,arm,3.26,10.95,7.489999999999999,3
blk10_03,barrel,7.72,8.22,7.553333333333334,3
blk10_04,tumbleweed,7.95,8.39,6.903333333333333,3
blk10_05,anklet,9.06,9.56,7.3676666666666675,3
blk10_06,funnel,8.44,8.44,6.836666666666666,3
blk10_07,trampoline,6.79,8.8,7.843333333333334,3
blk10_08,tulip,7.149,9.68,6.923000000000001,3
blk10_09,bamboo,9.28,9.28,5.89,3
blk10_10,teabag,6.67,10.65,8.540000000000001,3
blk10_11,teapot,6.22,6.22,5.863333333333333,3
blk10_12,gondola,10.21,10.21,7.826666666666667,3
blk10_13,kimono,11.37,11.37,8.75,3
blk10_14,bone,5.53,5.83,5.503333333333333,3
blk10_15,locker,8.22,8.22,7.6000000000000005,3
blk10_16,lollipop,3.89,9.06,5.93,3
blk10_17,turntable,10.39,10.39,7.183333333333334,3
blk10_18,hoe,8.72,8.72,6.326666666666667,3
blk10_19,cage,5.06,6.0,5.6866666666666665,3
blk11_00,eggnog,7.45,12.65,7.923333333333335,3
blk11_01,suitcase,8.22,8.22,7.303333333333334,3
blk11_02,gondola,10.21,10.95,9.806666666666667,3
blk11_03,iguana,7.61,8.22,7.516666666666667,3
blk11_04,tumbleweed,7.95,8.39,6.903333333333333,3
blk11_05,anklet,9.06,9.56,7.3676666666666675,3
blk11_06,bamboo,9.28,9.28,7.116666666666666,3
blk11_07,stretcher,9.39,9.39,8.71,3
blk11_08,tulip,7.149,9.68,6.923000000000001,3
blk11_09,pinecone,4.61,4.67,4.333333333333334,3
blk11_10,coral,9.06,10.65,9.336666666666666,3
blk11_11,blender,6.84,6.84,6.07,3
blk11_12,statue,7.55,9.69,6.94,3
blk11_13,kimono,11.37,11.37,8.75,3
blk11_14,bone,5.53,5.83,5.503333333333333,3
blk11_15,locker,8.22,8.22,7.6000000000000005,3
blk11_16,trough,8.41,11.0,10.096666666666666,3
blk11_17,teapot,6.22,6.84,5.793333333333333,3
blk11_18,hoe,8.72,8.72,6.326666666666667,3
blk11_19,cage,5.06,6.0,5.6866666666666665,3
blk12_00,eggnog,7.45,12.65,7.923333333333335,3
blk12_01,basket,5.67,7.85,6.453333333333333,3
blk12_02,gondola,10.21,10.95,9.806666666666667,3
blk12_03,rhinoceros,6.0,8.22,6.9799999999999995,3
blk12_04,pinecone,4.61,8.39,5.79,3
blk12_05,anklet,9.06,9.56,7.3676666666666675,3
blk12_06,bamboo,9.28,9.28,7.116666666666666,3
blk12_07,horn,4.84,8.8,7.193333333333334,3
blk12_08,tulip,7.149,9.68,6.923000000000001,3
blk12_09,aloe,8.95,8.95,5.78,3
blk12_10,teabag,6.67,10.65,8.540000000000001,3
blk12_11,teapot,6.22,6.22,5.863333333333333,3
blk12_12,statue,7.55,9.69,6.94,3
blk12_13,kimono,11.37,11.37,8.75,3
blk12_14,aquarium,6.84,6.84,5.94,3
blk12_15,locker,8.22,8.22,7.6000000000000005,3
blk12_16,clove,10.88,10.88,8.26,3
blk12_17,ship,5.33,6.37,5.723333333333334,3
blk12_18,hoe,8.72,8.72,6.326666666666667,3
blk12_19,acorn,5.95,7.82,6.726666666666667,3
blk13_00,eggnog,7.45,12.65,7.923333333333335,3
blk13_01,basket,5.67,7.85,6.453333333333333,3
blk13_02,jukebox,7.42,10.95,8.876666666666665,3
blk13_03,antelope,8.39,8.39,7.776666666666666,3
blk13_04,tulip,7.149,7.149,5.976333333333334,3
blk13_05,anklet,9.06,9.56,7.3676666666666675,3
blk13_06,bamboo,9.28,9.28,7.116666666666666,3
blk13_07,horn,4.84,8.8,7.193333333333334,3
blk13_08,toothpick,6.83,6.83,5.073333333333333,3
blk13_09,worm,3.89,9.38,6.256666666666668,3
blk13_10,hoe,8.72,10.65,9.223333333333334,3
blk13_11,mixer,7.05,7.05,6.140000000000001,3
blk13_12,gondola,10.21,10.21,7.826666666666667,3
blk13_13,cage,5.06,9.68,6.913333333333333,3
blk13_14,bone,5.53,5.83,5.503333333333333,3
blk13_15,locker,8.22,8.22,7.6000000000000005,3
blk13_16,album,6.72,9.06,6.873333333333334,3
blk13_17,bassinet,9.18,9.18,6.78,3
blk13_18,panda,5.67,11.0,9.183333333333334,3
blk13_19,pinecone,4.61,6.0,5.536666666666666,3
blk14_00,eggnog,7.45,12.65,7.923333333333335,3
blk14_01,suitcase,8.22,8.22,7.303333333333334,3
blk14_02,basket,5.67,10.95,8.293333333333331,3
blk14_03,iguana,7.61,8.22,7.516666666666667,3
blk14_04,pinecone,4.61,8.39,5.79,3
blk14_05,anklet,9.06,9.56,7.3676666666666675,3
blk14_06,bamboo,9.28,9.28,7.116666666666666,3
blk14_07,aquarium,6.84,8.8,7.86,3
blk14_08,tulip,7.149,9.68,6.923000000000001,3
blk14_09,aloe,8.95,8.95,5.78,3
blk14_10,teabag,6.67,10.65,8.540000000000001,3
blk14_11,blender,6.84,6.84,6.07,3
blk14_12,statue,7.55,9.69,6.94,3
blk14_13,kimono,11.37,11.37,8.75,3
blk14_14,gondola,10.21,10.21,7.063333333333333,3
blk14_15,locker,8.22,8.22,7.6000000000000005,3
blk14_16,clove,10.88,10.88,8.26,3
blk14_17,ship,5.33,6.37,5.723333333333334,3
blk14_18,hoe,8.72,8.72,6.326666666666667,3
blk14_19,trough,8.41,8.41,6.803333333333334,3
blk15_00,eggnog,7.45,12.65,7.923333333333335,3
blk15_01,suitcase,8.22,8.22,7.303333333333334,3
blk15_02,jukebox,7.42,10.95,8.876666666666665,3
blk15_03,warthog,7.82,8.22,7.586666666666666,3
blk15_04,pinecone,4.61,8.39,5.79,3
blk15_05,anklet,9.06,9.56,7.3676666666666675,3
blk15_06,bamboo,9.28,9.28,7.116666666666666,3
blk15_07,trampoline,6.79,8.8,7.843333333333334,3
blk15_08,tulip,7.149,9.68,6.923000000000001,3
blk15_09,aloe,8.95,8.95,5.78,3
blk15_10,hoe,8.72,10.65,9.223333333333334,3
blk15_11,mixer,7.05,7.05,6.140000000000001,3
blk15_12,gondola,10.21,10.21,7.826666666666667,3
blk15_13,crib,6.05,9.38,6.976666666666667,3
blk15_14,aquarium,6.84,6.84,5.94,3
blk15_15,locker,8.22,8.22,7.6000000000000005,3
blk15_16,footbath,8.53,9.06,7.476666666666667,3
blk15_17,bone,5.53,11.0,9.136666666666667,3
blk15_18,cauliflower,6.18,6.37,6.006666666666667,3
blk15_19,acorn,5.95,6.0,5.983333333333333,3
blk16_00,eggnog,7.45,12.65,7.923333333333335,3
blk16_01,basket,5.67,7.85,6.453333333333333,3
blk16_02,violin,7.45,10.95,8.886666666666665,3
blk16_03,iguana,7.61,8.22,7.516666666666667,3
blk16_04,pinecone,4.61,8.39,5.79,3
blk16_05,anklet,9.06,9.56,7.3676666666666675,3
blk16_06,bamboo,9.28,9.28,7.116666666666666,3
blk16_07,horn,4.84,8.8,7.193333333333334,3
blk16_08,tulip,7.149,9.68,6.923000000000001,3
blk16_09,aloe,8.95,8.95,5.78,3
blk16_10,hoe,8.72,10.65,9.223333333333334,3
blk16_11,blender,6.84,6.84,6.07,3
blk16_12,statue,7.55,9.69,6.94,3
blk16_13,crib,6.05,9.38,6.976666666666667,3
blk16_14,bone,5.53,5.83,5.503333333333333,3
blk16_15,locker,8.22,8.22,7.6000000000000005,3
blk16_16,cauliflower,6.18,9.06,6.6933333333333325,3
blk16_17,teapot,6.22,6.84,5.793333333333333,3
blk16_18,leopard,6.84,11.0,9.573333333333332,3
blk16_19,trough,8.41,8.41,6.803333333333334,3
blk17_00,eggnog,7.45,12.65,7.923333333333335,3
blk17_01,basket,5.67,7.85,6.453333333333333,3
blk17_02,mandolin,12.39,12.39,10.533333333333333,3
blk17_03,barrel,7.72,8.22,7.553333333333334,3
blk17_04,pinecone,4.61,8.39,5.79,3
blk17_05,anklet,9.06,9.56,7.3676666666666675,3
blk17_06,aloe,8.95,8.95,7.006666666666665,3
blk17_07,aquarium,6.84,8.8,7.86,3
blk17_08,tulip,7.149,9.68,6.923000000000001,3
blk17_09,bamboo,9.28,9.28,5.89,3
blk17_10,coral,9.06,10.65,9.336666666666666,3
blk17_11,teapot,6.22,6.22,5.863333333333333,3
blk17_12,gondola,10.21,10.21,7.826666666666667,3
blk17_13,crib,6.05,9.38,6.976666666666667,3
blk17_14,bone,5.53,5.83,5.503333333333333,3
blk17_15,locker,8.22,8.22,7.6000000000000005,3
blk17_16,blender,6.84,11.0,9.573333333333332,3
blk17_17,ship,5.33,6.37,5.723333333333334,3
blk17_18,hoe,8.72,8.72,6.326666666666667,3
blk17_19,trough,8.41,8.41,6.803333333333334,3
blk18_00,eggnog,7.45,12.65,7.923333333333335,3
blk18_01,suitcase,8.22,8.22,7.303333333333334,3
blk18_02,jukebox,7.42,10.95,8.876666666666665,3
blk18_03,squirrel,4.44,8.22,6.460000000000001,3
blk18_04,acorn,5.95,8.39,6.236666666666667,3
blk18_05,anklet,9.06,9.56,7.3676666666666675,3
blk18_06,bamboo,9.28,9.28,7.116666666666666,3
blk18_07,stretcher,9.39,9.39,8.71,3
blk18_08,tulip,7.149,9.68,6.923000000000001,3
blk18_09,aloe,8.95,8.95,5.78,3
blk18_10,coral,9.06,10.65,9.336666666666666,3
blk18_11,blender,6.84,6.84,6.07,3
blk18_12,gondola,10.21,10.21,7.826666666666667,3
blk18_13,crib,6.05,9.38,6.976666666666667,3
blk18_14,bone,5.53,5.83,5.503333333333333,3
blk18_15,locker,8.22,8.22,7.6000000000000005,3
blk18_16,barrel,7.72,11.0,9.866666666666667,3
blk18_17,jug,5.83,6.84,5.663333333333334,3
blk18_18,hoe,8.72,8.72,6.326666666666667,3
blk18_19,trough,8.41,8.41,6.803333333333334,3
blk19_00,eggnog,7.45,12.65,7.923333333333335,3
blk19_01,basket,5.67,7.85,6.453333333333333,3
blk19_02,mandolin,12.39,12.39,10.533333333333333,3
blk19_03,barrel,7.72,8.22,7.553333333333334,3
blk19_04,pinecone,4.61,8.39,5.79,3
blk19_05,anklet,9.06,9.56,7.3676666666666675,3
blk19_06,bamboo,9.28,9.28,7.116666666666666,3
blk19_07,horn,4.84,8.8,7.193333333333334,3
blk19_08,tulip,7.149,9.68,6.923000000000001,3
blk19_09,aloe,8.95,8.95,5.78,3
blk19_10,teabag,6.67,10.65,8.540000000000001,3
blk19_11,teapot,6.22,6.22,5.863333333333333,3
blk19_12,gondola,10.21,10.21,7.826666666666667,3
blk19_13,kimono,11.37,11.37,8.75,3
blk19_14,bone,5.53,5.83,5.503333333333333,3
blk19_15,locker,8.22,8.22,7.6000000000000005,3
blk19_16,kaleidoscope,7.41,9.06,7.103333333333333,3
blk19_17,dustpan,6.47,6.84,5.876666666666666,3
blk19_18,hoe,8.72,8.72,6.326666666666667,3
blk19_19,cage,5.06,6.0,5.6866666666666665,3
adlt00_00,eggnog,7.45,12.65,7.923333333333335,3
adlt00_01,basket,5.67,7.85,6.453333333333333,3
adlt00_02,mandolin,12.39,12.39,10.533333333333333,3
adlt00_03,iguana,7.61,8.22,7.516666666666667,3
adlt00_04,acorn,5.95,8.39,6.236666666666667,3
adlt00_05,anklet,9.06,9.56,7.3676666666666675,3
adlt00_06,bamboo,9.28,9.28,7.116666666666666,3
adlt00_07,target,7.58,8.8,8.106666666666667,3
adlt00_08,tulip,7.149,9.68,6.923000000000001,3
adlt00_09,aloe,8.95,8.95,5.78,3
adlt00_10,horn,4.84,9.38,6.573333333333333,3
adlt00_11,bassinet,9.18,9.69,7.483333333333333,3
adlt00_12,scarf,5.68,7.63,6.753333333333333,3
adlt00_13,bucket,5.61,9.06,6.503333333333334,3
adlt00_14,pencil,4.06,6.84,5.073333333333333,3
adlt00_15,tea,5.47,6.0,5.613333333333333,3
adlt00_16,toothpick,6.83,11.0,9.57,3
adlt00_17,bone,5.53,6.37,5.79,3
adlt00_18,tuba,7.0,7.95,7.336666666666666,3
adlt00_19,headrest,7.68,7.68,6.876666666666666,3
adlt00_20,teabag,6.67,10.65,8.540000000000001,3
adlt00_21,bumper,7.32,10.94,9.683333333333332,3
adlt00_22,arm,3.26,6.21,4.453333333333333,3
adlt00_23,hoe,8.72,8.72,6.326666666666667,3
adlt00_24,gondola,10.21,10.21,7.063333333333333,3
adlt00_25,broccoli,5.2,7.05,6.3999999999999995,3
adlt00_26,apron,6.75,7.0,6.546666666666667,3
adlt00_27,pants,3.227,6.33,4.659,3
adlt00_28,cabinet,6.06,6.06,4.836666666666666,3
adlt00_29,cage,5.06,6.0,5.6866666666666665,3
adlt00_30,trolley,8.47,10.39,8.666666666666666,3
adlt00_31,elbow,4.78,10.67,7.093333333333334,3
adlt00_32,yacht,10.06,10.06,7.2700000000000005,3
adlt00_33,freezer,4.63,6.63,4.84,3
adlt00_34,rose,6.11,7.82,6.78,3
adlt00_35,blender,6.84,6.84,5.403333333333333,3
adlt00_36,mixer,7.05,8.5,6.663333333333334,3
adlt00_37,backscratcher,6.63,9.89,8.58,3
adlt00_38,counter,7.11,7.22,6.3133333333333335,3
adlt00_39,trough,8.41,8.41,6.303333333333334,3
adlt01_00,eggnog,7.45,12.65,7.923333333333335,3
adlt01_01,jukebox,7.42,7.85,7.036666666666666,3
adlt01_02,basket,5.67,10.95,8.293333333333331,3
adlt01_03,orangutan,7.83,8.22,7.590000000000001,3
adlt01_04,acorn,5.95,8.39,6.236666666666667,3
adlt01_05,anklet,9.06,9.56,7.3676666666666675,3
adlt01_06,bamboo,9.28,9.28,7.116666666666666,3
adlt01_07,catfish,6.61,8.8,7.783333333333334,3
adlt01_08,tulip,7.149,9.68,6.923000000000001,3
adlt01_09,pinecone,4.61,4.67,4.333333333333334,3
adlt01_10,oilcan,7.59,9.38,7.489999999999999,3
adlt01_11,glasses,4.346,9.69,5.872,3
adlt01_12,bumper,7.32,7.63,7.3,3
adlt01_13,bucket,5.61,9.06,6.503333333333334,3
adlt01_14,backscratcher,6.63,6.84,5.93,3
adlt01_15,tea,5.47,6.0,5.613333333333333,3
adlt01_16,toothpick,6.83,11.0,9.57,3
adlt01_17,bone,5.53,6.37,5.79,3
adlt01_18,bulldozer,5.61,7.95,6.873333333333334,3
adlt01_19,headrest,7.68,7.68,6.876666666666666,3
adlt01_20,teabag,6.67,10.65,8.540000000000001,3
adlt01_21,blower,8.32,10.94,10.016666666666666,3
adlt01_22,gondola,10.21,10.21,6.7700000000000005,3
adlt01_23,hoe,8.72,8.72,6.326666666666667,3
adlt01_24,trough,8.41,8.41,6.803333333333334,3
adlt01_25,mixer,7.05,7.05,7.016666666666667,3
adlt01_26,jug,5.83,7.0,6.239999999999999,3
adlt01_27,tiara,6.77,6.77,5.84,3
adlt01_28,cage,5.06,7.61,6.503333333333333,3
adlt01_29,rose,6.11,7.82,6.78,3
adlt01_30,flute,8.47,8.47,5.640000000000001,3
adlt01_31,elbow,4.78,10.67,7.093333333333334,3
adlt01_32,yacht,10.06,10.06,7.2700000000000005,3
adlt01_33,banner,9.17,10.39,8.9,3
adlt01_34,ski,6.68,6.68,5.6499999999999995,3
adlt01_35,teapot,6.22,6.63,5.37,3
adlt01_36,spatula,7.32,7.32,5.5633333333333335,3
adlt01_37,burner,8.0,8.5,6.98,3
adlt01_38,potpourri,10.15,10.15,7.326666666666667,3
adlt01_39,vase,7.89,7.89,6.9366666666666665,3
adlt02_00,eggnog,7.45,12.65,7.923333333333335,3
adlt02_01,suitcase,8.22,8.22,7.303333333333334,3
adlt02_02,gondola,10.21,10.95,9.806666666666667,3
adlt02_03,rhinoceros,6.0,8.22,6.9799999999999995,3
adlt02_04,tumbleweed,7.95,8.39,6.903333333333333,3
adlt02_05,anklet,9.06,9.56,7.3676666666666675,3
adlt02_06,funnel,8.44,8.44,6.836666666666666,3
adlt02_07,aquarium,6.84,8.8,7.86,3
adlt02_08,tulip,7.149,9.68,6.923000000000001,3
adlt02_09,aloe,8.95,8.95,5.78,3
adlt02_10,stretcher,9.39,9.39,8.090000000000002,3
adlt02_11,bassinet,9.18,9.69,7.483333333333333,3
adlt02_12,clarinet,9.22,9.22,7.933333333333334,3
adlt02_13,sandbag,7.83,9.06,7.243333333333333,3
adlt02_14,screwdriver,6.0,11.0,9.293333333333335,3
adlt02_15,tea,5.47,6.0,5.613333333333333,3
adlt02_16,candlestick,5.61,10.94,9.113333333333332,3
adlt02_17,bone,5.53,6.37,5.79,3
adlt02_18,bucket,5.61,6.21,5.236666666666667,3
adlt02_19,headrest,7.68,7.68,6.876666666666666,3
adlt02_20,teabag,6.67,10.65,8.540000000000001,3
adlt02_21,spatula,7.32,7.32,7.1066666666666665,3
adlt02_22,centerpiece,8.89,8.89,7.260000000000001,3
adlt02_23,hoe,8.72,8.72,6.326666666666667,3
adlt02_24,sushi,11.19,11.19,8.473333333333334,3
adlt02_25,vase,7.89,9.28,7.613333333333332,3
adlt02_26,hubcap,8.39,8.39,6.38,3
adlt02_27,cake,3.26,5.5,3.9033333333333338,3
adlt02_28,acorn,5.95,7.61,6.8,3
adlt02_29,cage,5.06,6.0,5.1866666666666665,3
adlt02_30,trolley,8.47,10.39,8.666666666666666,3
adlt02_31,elbow,4.78,10.67,7.093333333333334,3
adlt02_32,yacht,10.06,10.06,7.2700000000000005,3
adlt02_33,bonsai,11.22,11.22,7.163333333333334,3
adlt02_34,kimono,11.37,11.37,6.543333333333333,3
adlt02_35,blender,6.84,6.84,5.576666666666665,3
adlt02_36,barrel,7.72,7.72,5.696666666666666,3
adlt02_37,burner,8.0,8.5,6.98,3
adlt02_38,mixer,7.05,7.22,6.293333333333333,3
adlt02_39,rose,6.11,7.83,6.646666666666666,3
adlt03_00,eggnog,7.45,12.65,7.923333333333335,3
adlt03_01,trunk,8.3,8.3,7.330000000000001,3
adlt03_02,footbath,8.53,10.95,9.246666666666664,3
adlt03_03,squirrel,4.44,8.22,6.460000000000001,3
adlt03_04,pinecone,4.61,8.39,5.79,3
adlt03_05,anklet,9.06,9.56,7.3676666666666675,3
adlt03_06,funnel,8.44,8.44,6.836666666666666,3
adlt03_07,target,7.58,8.8,8.106666666666667,3
adlt03_08,tulip,7.149,9.68,6.923000000000001,3
adlt03_09,aloe,8.95,8.95,5.78,3
adlt03_10,drill,7.14,9.38,7.34,3
adlt03_11,glasses,4.346,9.69,5.872,3
adlt03_12,rooster,6.41,7.63,6.996666666666666,3
adlt03_13,sandbag,7.83,9.06,7.243333333333333,3
adlt03_14,backscratcher,6.63,6.84,5.93,3
adlt03_15,tea,5.47,6.0,5.613333333333333,3
adlt03_16,basket,5.67,11.0,9.183333333333334,3
adlt03_17,bone,5.53,6.37,5.79,3
adlt03_18,violin,7.45,7.95,7.486666666666667,3
adlt03_19,headrest,7.68,7.68,6.876666666666666,3
adlt03_20,hoe,8.72,10.65,9.223333333333334,3
adlt03_21,rim,8.05,10.94,9.926666666666668,3
adlt03_22,vase,7.89,7.89,5.996666666666666,3
adlt03_23,cage,5.06,7.61,6.503333333333333,3
adlt03_24,gondola,10.21,10.21,7.063333333333333,3
adlt03_25,broccoli,5.2,7.05,6.3999999999999995,3
adlt03_26,coaster,7.89,7.89,6.926666666666667,3
adlt03_27,tiara,6.77,6.77,5.84,3
adlt03_28,fan,5.63,5.63,4.6933333333333325,3
adlt03_29,acorn,5.95,6.0,5.983333333333333,3
adlt03_30,blender,6.84,6.84,5.576666666666665,3
adlt03_31,elbow,4.78,10.67,7.093333333333334,3
adlt03_32,thermos,8.29,8.29,5.886666666666667,3
adlt03_33,jug,5.83,8.5,6.256666666666667,3
adlt03_34,trough,8.41,8.41,6.223333333333334,3
adlt03_35,corn,4.61,11.19,7.433333333333333,3
adlt03_36,jukebox,7.42,9.89,8.843333333333334,3
adlt03_37,printer,7.61,7.8,7.6066666666666665,3
adlt03_38,bulldozer,5.61,8.72,6.646666666666667,3
adlt03_39,chin,4.22,7.83,6.016666666666666,3
adlt04_00,eggnog,7.45,12.65,7.923333333333335,3
adlt04_01,trunk,8.3,8.3,7.330000000000001,3
adlt04_02,arm,3.26,10.95,7.489999999999999,3
adlt04_03,gorilla,5.74,8.22,6.8933333333333335,3
adlt04_04,acorn,5.95,8.39,6.236666666666667,3
adlt04_05,anklet,9.06,9.56,7.3676666666666675,3
adlt04_06,funnel,8.44,8.44,6.836666666666666,3
adlt04_07,horn,4.84,8.8,7.193333333333334,3
adlt04_08,tulip,7.149,9.68,6.923000000000001,3
adlt04_09,aloe,8.95,8.95,5.78,3
adlt04_10,stretcher,9.39,9.39,8.090000000000002,3
adlt04_11,glasses,4.346,9.69,5.872,3
adlt04_12,clarinet,9.22,9.22,7.933333333333334,3
adlt04_13,sandbag,7.83,9.06,7.243333333333333,3
adlt04_14,pencil,4.06,6.84,5.073333333333333,3
adlt04_15,tea,5.47,6.0,5.613333333333333,3
adlt04_16,basket,5.67,11.0,9.183333333333334,3
adlt04_17,pinecone,4.61,6.37,5.483333333333333,3
adlt04_18,shorts,3.95,7.95,6.32,3
adlt04_19,suitcase,8.22,8.22,7.0566666666666675,3
adlt04_20,teabag,6.67,10.65,8.540000000000001,3
adlt04_21,mixer,7.05,10.94,9.593333333333334,3
adlt04_22,cauliflower,6.18,6.21,5.426666666666667,3
adlt04_23,hoe,8.72,8.72,6.326666666666667,3
adlt04_24,gondola,10.21,10.21,7.063333333333333,3
adlt04_25,broccoli,5.2,7.05,6.3999999999999995,3
adlt04_26,coaster,7.89,7.89,6.926666666666667,3
adlt04_27,taillight,9.33,9.33,6.6933333333333325,3
adlt04_28,cage,5.06,7.61,6.503333333333333,3
adlt04_29,bone,5.53,6.0,5.843333333333334,3
adlt04_30,bassinet,9.18,9.18,5.876666666666666,3
adlt04_31,elbow,4.78,10.67,7.093333333333334,3
adlt04_32,yacht,10.06,10.06,7.2700000000000005,3
adlt04_33,jersey,8.961,10.39,8.830333333333334,3
adlt04_34,sushi,11.19,11.19,8.473333333333334,3
adlt04_35,blender,6.84,6.84,5.576666666666665,3
adlt04_36,barrel,7.72,7.72,5.696666666666666,3
adlt04_37,spatula,7.32,8.5,6.753333333333334,3
adlt04_38,counter,7.11,7.22,6.3133333333333335,3
adlt04_39,trough,8.41,8.41,6.303333333333334,3
adlt05_00,eggnog,7.45,12.65,7.923333333333335,3
adlt05_01,suitcase,8.22,8.22,7.303333333333334,3
adlt05_02,mandolin,12.39,12.39,10.533333333333333,3
adlt05_03,rhinoceros,6.0,8.22,6.9799999999999995,3
adlt05_04,acorn,5.95,8.39,6.236666666666667,3
adlt05_05,anklet,9.06,9.56,7.3676666666666675,3
adlt05_06,funnel,8.44,8.44,6.836666666666666,3
adlt05_07,horn,4.84,8.8,7.193333333333334,3
adlt05_08,tulip,7.149,9.68,6.923000000000001,3
adlt05_09,pinecone,4.61,4.67,4.333333333333334,3
adlt05_10,hoe,8.72,9.38,7.866666666666667,3
adlt05_11,glasses,4.346,9.69,5.872,3
adlt05_12,rooster,6.41,7.63,6.996666666666666,3
adlt05_13,sandbag,7.83,9.06,7.243333333333333,3
adlt05_14,backscratcher,6.63,6.84,5.93,3
adlt05_15,tea,5.47,6.0,5.613333333333333,3
adlt05_16,counter,7.11,11.0,9.663333333333334,3
adlt05_17,bone,5.53,6.37,5.79,3
adlt05_18,corset,10.67,10.67,8.56,3
adlt05_19,headrest,7.68,7.68,6.876666666666666,3
adlt05_20,teabag,6.67,10.65,8.540000000000001,3
adlt05_21,mailbox,6.11,10.94,9.28,3
adlt05_22,vase,7.89,7.89,5.996666666666666,3
adlt05_23,cage,5.06,7.61,6.503333333333333,3
adlt05_24,gondola,10.21,10.21,7.063333333333333,3
adlt05_25,corn,4.61,7.05,6.203333333333333,3
adlt05_26,trough,8.41,8.41,7.1000000000000005,3
adlt05_27,donkey,6.0,9.28,8.076666666666666,3
adlt05_28,cloak,6.95,6.95,5.900000000000001,3
adlt05_29,sushi,11.19,11.19,7.646666666666666,3
adlt05_30,orangutan,7.83,7.83,5.426666666666667,3
adlt05_31,ferry,8.0,10.39,8.51,3
adlt05_32,candle,5.37,6.63,5.086666666666667,3
adlt05_33,refrigerator,4.11,5.37,4.493333333333333,3
adlt05_34,beaker,11.25,11.25,8.063333333333334,3
adlt05_35,rim,8.05,8.05,7.753333333333334,3
adlt05_36,jukebox,7.42,9.89,8.843333333333334,3
adlt05_37,vest,5.83,11.11,7.963333333333334,3
adlt05_38,cow,3.94,7.72,5.62,3
adlt05_39,snowball,4.74,6.68,5.306666666666667,3
adlt06_00,eggnog,7.45,12.65,7.923333333333335,3
adlt06_01,basket,5.67,7.85,6.453333333333333,3
adlt06_02,arm,3.26,10.95,7.489999999999999,3
adlt06_03,koala,6.0,8.22,6.9799999999999995,3
adlt06_04,hoe,8.72,8.72,7.16,3
adlt06_05,anklet,9.06,9.56,7.3676666666666675,3
adlt06_06,funnel,8.44,8.44,6.836666666666666,3
adlt06_07,target,7.58,8.8,8.106666666666667,3
adlt06_08,tulip,7.149,9.68,6.923000000000001,3
adlt06_09,pinecone,4.61,4.67,4.333333333333334,3
adlt06_10,drill,7.14,9.38,7.34,3
adlt06_11,bassinet,9.18,9.69,7.483333333333333,3
adlt06_12,aloe,8.95,8.95,7.843333333333333,3
adlt06_13,horn,4.84,9.06,6.246666666666667,3
adlt06_14,corset,10.67,10.67,7.276666666666666,3
adlt06_15,tea,5.47,6.0,5.613333333333333,3
adlt06_16,toothpick,6.83,11.0,9.57,3
adlt06_17,bone,5.53,6.37,5.79,3
adlt06_18,headrest,7.68,7.95,7.563333333333333,3
adlt06_19,suitcase,8.22,8.22,7.0566666666666675,3
adlt06_20,teabag,6.67,10.65,8.540000000000001,3
adlt06_21,skateboard,6.94,10.94,9.556666666666667,3
adlt06_22,moccasin,11.22,11.22,7.1066666666666665,3
adlt06_23,acorn,5.95,7.61,6.8,3
adlt06_24,gondola,10.21,10.21,7.063333333333333,3
adlt06_25,broccoli,5.2,7.05,6.3999999999999995,3
adlt06_26,apron,6.75,7.0,6.546666666666667,3
adlt06_27,trough,8.41,8.41,6.386666666666667,3
adlt06_28,cornbread,6.4,6.4,4.95,3
adlt06_29,sushi,11.19,11.19,8.473333333333334,3
adlt06_30,teapot,6.22,6.63,5.37,3
adlt06_31,spatula,7.32,7.32,5.5633333333333335,3
adlt06_32,yacht,10.06,10.06,7.2700000000000005,3
adlt06_33,scoop,5.14,8.5,6.026666666666666,3
adlt06_34,cage,5.06,6.68,5.1066666666666665,3
adlt06_35,coaster,7.89,7.89,7.7,3
adlt06_36,jukebox,7.42,9.89,8.843333333333334,3
adlt06_37,mixer,7.05,7.72,6.46,3
adlt06_38,vest,5.83,8.5,7.386666666666667,3
adlt06_39,rose,6.11,6.11,5.7090000000000005,3
adlt07_00,eggnog,7.45,12.65,7.923333333333335,3
adlt07_01,jukebox,7.42,7.85,7.036666666666666,3
adlt07_02,mandolin,12.39,12.39,10.533333333333333,3
adlt07_03,iguana,7.61,8.22,7.516666666666667,3
adlt07_04,hoe,8.72,8.72,7.16,3
adlt07_05,anklet,9.06,9.56,7.3676666666666675,3
adlt07_06,aloe,8.95,8.95,7.006666666666665,3
adlt07_07,horn,4.84,8.8,7.193333333333334,3
adlt07_08,tulip,7.149,9.68,6.923000000000001,3
adlt07_09,pinecone,4.61,4.67,4.333333333333334,3
adlt07_10,drill,7.14,9.38,7.34,3
adlt07_11,suitcase,8.22,9.69,7.163333333333334,3
adlt07_12,bumper,7.32,7.63,7.3,3
adlt07_13,bucket,5.61,9.06,6.503333333333334,3
adlt07_14,mallet,10.94,10.94,7.366666666666667,3
adlt07_15,tea,5.47,6.0,5.613333333333333,3
adlt07_16,toothpick,6.83,11.0,9.57,3
adlt07_17,bone,5.53,6.37,5.79,3
adlt07_18,shorts,3.95,7.95,6.32,3
adlt07_19,headrest,7.68,7.68,6.876666666666666,3
adlt07_20,teabag,6.67,10.65,8.540000000000001,3
adlt07_21,sushi,11.19,11.19,7.096666666666667,3
adlt07_22,cilantro,12.27,12.27,8.756666666666666,3
adlt07_23,statue,7.55,7.55,6.813333333333333,3
adlt07_24,gondola,10.21,10.21,7.063333333333333,3
adlt07_25,vase,7.89,9.28,7.613333333333332,3
adlt07_26,generator,11.11,11.11,7.286666666666666,3
adlt07_27,buggy,6.95,6.95,5.133333333333333,3
adlt07_28,ruby,6.829,10.67,7.7763333333333335,3
adlt07_29,cage,5.06,6.0,5.6866666666666665,3
adlt07_30,teapot,6.22,6.63,5.37,3
adlt07_31,counter,7.11,7.11,5.493333333333333,3
adlt07_32,yacht,10.06,10.06,7.2700000000000005,3
adlt07_33,refrigerator,4.11,8.5,5.683333333333334,3
adlt07_34,rose,6.11,7.82,6.78,3
adlt07_35,rim,8.05,8.05,7.753333333333334,3
adlt07_36,blower,8.32,11.25,9.336666666666666,3
adlt07_37,backscratcher,6.63,9.89,8.58,3
adlt07_38,mixer,7.05,7.22,6.293333333333333,3
adlt07_39,trough,8.41,8.41,6.223333333333334,3
adlt08_00,eggnog,7.45,12.65,7.923333333333335,3
adlt08_01,jukebox,7.42,7.85,7.036666666666666,3
adlt08_02,violin,7.45,10.95,8.886666666666665,3
adlt08_03,orangutan,7.83,8.22,7.590000000000001,3
adlt08_04,hoe,8.72,8.72,7.16,3
adlt08_05,anklet,9.06,9.56,7.3676666666666675,3
adlt08_06,funnel,8.44,8.44,6.836666666666666,3
adlt08_07,coral,9.06,9.06,8.6,3
adlt08_08,tulip,7.149,9.68,6.923000000000001,3
adlt08_09,bamboo,9.28,9.28,5.89,3
adlt08_10,horn,4.84,9.38,6.573333333333333,3
adlt08_11,bassinet,9.18,9.69,7.483333333333333,3
adlt08_12,aloe,8.95,8.95,7.843333333333333,3
adlt08_13,olive,6.68,6.84,5.946666666666666,3
adlt08_14,tape,4.42,11.0,8.766666666666667,3
adlt08_15,tea,5.47,6.0,5.613333333333333,3
adlt08_16,beaver,5.21,7.95,6.739999999999999,3
adlt08_17,cloak,6.95,6.95,5.683333333333334,3
adlt08_18,crumb,5.89,10.94,9.206666666666665,3
adlt08_19,mailbox,6.11,6.37,6.103333333333334,3
adlt08_20,teabag,6.67,10.65,8.540000000000001,3
adlt08_21,blender,6.84,7.05,6.946666666666666,3
adlt08_22,freezer,4.63,7.58,5.86,3
adlt08_23,acorn,5.95,7.61,6.8,3
adlt08_24,bone,5.53,6.0,5.843333333333334,3
adlt08_25,flute,8.47,8.47,5.640000000000001,3
adlt08_26,elbow,4.78,10.67,7.093333333333334,3
adlt08_27,yacht,10.06,10.06,7.2700000000000005,3
adlt08_28,jersey,8.961,10.39,8.830333333333334,3
adlt08_29,pinecone,4.61,7.82,6.28,3
adlt08_30,mixer,7.05,7.05,5.646666666666666,3
adlt08_31,teapot,6.22,6.22,5.196666666666666,3
adlt08_32,spatula,7.32,8.5,6.753333333333334,3
adlt08_33,counter,7.11,7.22,6.3133333333333335,3
adlt08_34,trough,8.41,8.41,6.223333333333334,3
adlt08_35,rim,8.05,8.05,7.753333333333334,3
adlt08_36,cabinet,6.06,8.47,7.403333333333333,3
adlt08_37,backscratcher,6.63,9.89,8.58,3
adlt08_38,burner,8.0,8.0,6.973333333333333,3
adlt08_39,cage,5.06,6.0,5.1866666666666665,3
adlt09_00,eggnog,7.45,12.65,7.923333333333335,3
adlt09_01,jukebox,7.42,7.85,7.036666666666666,3
adlt09_02,footbath,8.53,10.95,9.246666666666664,3
adlt09_03,orangutan,7.83,8.22,7.590000000000001,3
adlt09_04,pinecone,4.61,8.39,5.79,3
adlt09_05,anklet,9.06,9.56,7.3676666666666675,3
adlt09_06,ladybug,4.84,7.85,5.636666666666667,3
adlt09_07,stretcher,9.39,9.39,8.71,3
adlt09_08,tulip,7.149,9.68,6.923000000000001,3
adlt09_09,aloe,8.95,8.95,5.78,3
adlt09_10,oilcan,7.59,9.38,7.489999999999999,3
adlt09_11,bassinet,9.18,9.69,7.483333333333333,3
adlt09_12,clarinet,9.22,9.22,7.933333333333334,3
adlt09_13,olive,6.68,6.84,5.946666666666666,3
adlt09_14,pencil,4.06,11.0,8.646666666666667,3
adlt09_15,tea,5.47,6.0,5.613333333333333,3
adlt09_16,trampoline,6.79,7.95,7.266666666666667,3
adlt09_17,bone,5.53,6.37,5.79,3
adlt09_18,crumb,5.89,10.94,9.206666666666665,3
adlt09_19,suitcase,8.22,8.22,7.0566666666666675,3
adlt09_20,teabag,6.67,10.65,8.540000000000001,3
adlt09_21,trough,8.41,8.41,6.170000000000001,3
adlt09_22,acorn,5.95,7.05,6.6499999999999995,3
adlt09_23,hoe,8.72,8.72,6.326666666666667,3
adlt09_24,gondola,10.21,10.21,7.063333333333333,3
adlt09_25,vase,7.89,9.28,7.613333333333332,3
adlt09_26,ruby,6.829,6.829,5.859666666666667,3
adlt09_27,skateboard,6.94,6.94,5.13,3
adlt09_28,cage,5.06,7.61,6.503333333333333,3
adlt09_29,broccoli,5.2,7.82,6.476666666666667,3
adlt09_30,trolley,8.47,10.39,8.666666666666666,3
adlt09_31,elbow,4.78,10.67,7.093333333333334,3
adlt09_32,sandbag,7.83,7.83,5.906666666666666,3
adlt09_33,apron,6.75,6.75,5.373333333333334,3
adlt09_34,freezer,4.63,8.5,5.8566666666666665,3
adlt09_35,coaster,7.89,7.89,7.7,3
adlt09_36,fan,5.63,11.25,8.44,3
adlt09_37,blender,6.84,7.72,6.39,3
adlt09_38,banner,9.17,9.17,7.833333333333333,3
adlt09_39,cilantro,12.27,12.27,7.762333333333333,3
